"seq_beg","seq_end","seq","charge","hydrofobic","conservative","number","TMD","conservative_norn","hydrofobic_norn","charge_norn","topology_norm","tmd_cons","leng"
101,115,"LLLGFLYFFVCSL",-0.2,-2.4,84.0236686390532,109,100,84.0236686390532,94.9367088607595,96.8253968253968,100,91.9285914417365,14
138,178,"IVVSMVSSSLLTV",-0.1,-2,82.8402366863905,172,8.33333333333333,82.8402366863905,89.873417721519,98.4126984126984,8.33333333333333,90.3754509402027,40
180,205,"SITNTIVALMQVG",-0.1,-1.1,81.6568047337278,199,33.3333333333333,81.6568047337278,78.4810126582278,98.4126984126984,33.3333333333333,86.183505268218,25
222,234,"FFNWLSVLVLLPV",-0.1,-1.8,86.3905325443787,228,100,86.3905325443787,87.3417721518987,98.4126984126984,100,90.7150010363253,12
362,385,"LLVLCGCLIMIVK",0.7,-1.7,78.698224852071,379,100,78.698224852071,86.0759493670886,88.8888888888889,100,84.5543543693495,23
407,451,"ALTPLIGIGVITI",-0.1,-2,76.3313609467456,445,91.6666666666667,76.3313609467456,89.873417721519,98.4126984126984,91.6666666666667,88.2058256936543,44
454,481,"AILAALASPGNAL",-0.1,-1.2,81.0650887573965,475,66.6666666666667,81.0650887573965,79.746835443038,98.4126984126984,66.6666666666667,86.408207537711,27
483,508,"ISGILLWYPIPFT",-0.1,-1.7,82.8402366863905,502,100,82.8402366863905,86.0759493670886,98.4126984126984,100,89.1096281553925,25
527,552,"IPLTVFGLSLAGW",-0.1,-1.9,76.3313609467455,546,100,76.3313609467455,88.6075949367089,98.4126984126984,100,87.7838847653843,25
