"seq_beg","seq_end","seq","charge","hydrofobic","conservative","number","TMD","conservative_norn","hydrofobic_norn","charge_norn","topology_norm","tmd_cons","leng"
101,128,"LDILSSAFQLVGGK",-0.1,0,89.010989010989,121.5,NA,89.010989010989,63.1578947368421,98.4126984126984,NA,83.5271940535098,27
138,178,"SIVVSMVSSSLLTV",-0.1,-1.9,84.0659340659341,171.5,NA,84.0659340659341,88.1578947368421,98.4126984126984,NA,90.2121757384915,40
180,205,"TSITNTIVALMQVG",-0.1,-1.1,82.967032967033,198.5,NA,82.967032967033,77.6315789473684,98.4126984126984,NA,86.3371034423666,25
219,232,"VHDFFNWLSVLVLL",-1,-0.8,91.7582417582418,225.5,NA,91.7582417582418,73.6842105263158,84.1269841269841,NA,83.1898121371806,13
362,387,"LVLCGCLIMIVKIL",0.7,-1.8,74.1758241758242,380.5,NA,74.1758241758242,86.8421052631579,88.8888888888889,NA,83.302272775957,25
407,481,"TAILAALASPGNAL",-0.1,-1.2,82.4175824175824,474.5,NA,82.4175824175824,78.9473684210526,98.4126984126984,NA,86.5925497504445,74
483,508,"NISGILLWYPIPFT",-0.1,-1.2,84.0659340659341,501.5,NA,84.0659340659341,78.9473684210526,98.4126984126984,NA,87.142000299895,25
527,552,"LIPLTVFGLSLAGW",-0.1,-2,77.4725274725275,545.5,NA,77.4725274725275,89.4736842105263,98.4126984126984,NA,88.4529700319174,25
