"seq_beg","seq_end","seq","charge","hydrofobic","conservative","number","TMD","conservative_norn","hydrofobic_norn","charge_norn","topology_norm","tmd_cons","leng"
101,130,"DILSSAFQLVGGKMA",-0.1,-0.2,85.6410256410256,123,33.3333333333333,85.6410256410256,64.2857142857143,98.4126984126984,33.3333333333333,82.7798127798128,29
137,178,"TSIVVSMVSSSLLTV",-0.1,-1.9,82.5641025641026,171,8.33333333333333,82.5641025641026,88.5714285714286,98.4126984126984,8.33333333333333,89.8494098494098,41
180,205,"GTSITNTIVALMQVG",-0.1,-1.1,84.1025641025641,198,41.6666666666667,84.1025641025641,77.1428571428572,98.4126984126984,41.6666666666667,86.5527065527065,25
218,233,"VHDFFNWLSVLVLLP",-1,-0.8,92.3076923076923,226,100,92.3076923076923,72.8571428571428,84.1269841269841,100,83.0972730972731,15
362,387,"LLVLCGCLIMIVKIL",0.7,-1.9,75.8974358974359,380,100,75.8974358974359,88.5714285714286,88.8888888888889,100,84.4525844525844,25
407,481,"TTAILAALASPGNAL",-0.1,-1.2,83.5897435897436,474,66.6666666666667,83.5897435897436,78.5714285714286,98.4126984126984,66.6666666666667,86.8579568579568,74
483,508,"FNISGILLWYPIPFT",-0.1,-1.4,85.1282051282051,501,100,85.1282051282051,81.4285714285714,98.4126984126984,100,88.3231583231583,25
527,552,"FLIPLTVFGLSLAGW",-0.1,-2.1,73.8461538461538,545,100,73.8461538461538,91.4285714285714,98.4126984126984,100,87.8958078958079,25
555,569,"LVGVGVPVVFIIILV",-0.1,-2.4,54.8717948717949,562,100,54.8717948717949,95.7142857142857,98.4126984126984,100,82.999592999593,14
