"seq_beg","seq_end","seq","charge","hydrofobic","conservative","number","TMD","conservative_norn","hydrofobic_norn","charge_norn","topology_norm","tmd_cons","leng"
103,131,"DILSSAFQLVGGKMAG",-0.1,-0.2,86.5384615384615,123.5,NA,86.5384615384615,64.1791044776119,98.4126984126984,NA,83.0434214762573,28
137,178,"STSIVVSMVSSSLLTV",-0.1,-1.8,83.1730769230769,170.5,NA,83.1730769230769,88.0597014925373,98.4126984126984,NA,89.8818256094376,41
180,205,"IGTSITNTIVALMQVG",-0.1,-1.2,83.6538461538461,197.5,NA,83.6538461538461,79.1044776119403,98.4126984126984,NA,87.0570073928283,25
362,391,"LCGCLIMIVKILGSVL",0.7,-1.7,76.4423076923077,383.5,NA,76.4423076923077,86.5671641791045,88.8888888888889,NA,83.9661202534337,29
407,481,"TTTAILAALASPGNAL",-0.1,-1.2,84.6153846153846,473.5,NA,84.6153846153846,79.1044776119403,98.4126984126984,NA,87.3775202133411,74
483,508,"FFNISGILLWYPIPFT",-0.1,-1.6,86.0576923076923,500.5,NA,86.0576923076923,85.0746268656716,98.4126984126984,NA,89.8483391953541,25
527,552,"FFLIPLTVFGLSLAGW",-0.1,-2.2,75.4807692307692,544.5,NA,75.4807692307692,94.0298507462687,98.4126984126984,NA,89.3077727965788,25
554,569,"VLVGVGVPVVFIIILV",-0.1,-2.4,55.2884615384615,561.5,NA,55.2884615384615,97.0149253731343,98.4126984126984,NA,83.5720284414314,15
