"seq_beg","seq_end","seq","charge","hydrofobic","conservative","number","TMD","conservative_norn","hydrofobic_norn","charge_norn","topology_norm","tmd_cons","leng"
102,131,"SLDILSSAFQLVGGKMAG",-0.1,-0.4,88.034188034188,122.5,NA,88.034188034188,66.1538461538461,98.3606557377049,NA,84.182896641913,29
136,178,"STSTSIVVSMVSSSLLTV",-0.1,-1.7,85.042735042735,169.5,NA,85.042735042735,86.1538461538461,98.3606557377049,NA,89.8524123114287,42
180,205,"ANIGTSITNTIVALMQVG",-0.1,-0.9,82.051282051282,196.5,NA,82.051282051282,73.8461538461538,98.3606557377049,NA,84.7526972117136,25
212,233,"GATVHDFFNWLSVLVLLP",-1,-0.9,91.025641025641,224.5,NA,91.025641025641,73.8461538461538,83.6065573770492,NA,82.8261174162813,21
362,391,"LVLCGCLIMIVKILGSVL",0.7,-1.8,74.3589743589744,382.5,NA,74.3589743589744,87.6923076923077,88.5245901639344,NA,83.5252907384055,29
407,481,"GTTTTAILAALASPGNAL",-0.1,-1.2,86.3247863247863,472.5,NA,86.3247863247863,78.4615384615385,98.3606557377049,NA,87.7156601746766,74
483,508,"HFFFNISGILLWYPIPFT",0,-1.4,87.6068376068376,499.5,NA,87.6068376068376,81.5384615384615,100,NA,89.7150997150997,25
527,552,"IFFFLIPLTVFGLSLAGW",-0.1,-2.3,70.0854700854701,543.5,NA,70.0854700854701,95.3846153846154,98.3606557377049,NA,87.9435804025968,25
