"seq_beg","seq_end","seq","charge","hydrofobic","conservative","number","TMD","conservative_norn","hydrofobic_norn","charge_norn","topology_norm","tmd_cons","leng"
100,131,"CSLDILSSAFQLVGGKMAG",-0.2,-0.5,88.663967611336,122,66.6666666666667,88.663967611336,67.1875,96.7741935483871,66.6666666666667,84.2085537199077,31
136,205,"GANIGTSITNTIVALMQVG",-0.1,-0.9,82.9959514170041,196,41.6666666666667,82.9959514170041,73.4375,98.3870967741936,41.6666666666667,84.9401827303992,69
212,233,"AGATVHDFFNWLSVLVLLP",-1,-0.9,90.2834008097166,224,100,90.2834008097166,73.4375,83.8709677419355,100,82.5306228505507,21
362,391,"LLVLCGCLIMIVKILGSVL",0.7,-1.8,75.7085020242915,382,91.6666666666667,75.7085020242915,87.5,88.7096774193548,91.6666666666667,83.9727264812154,29
407,481,"IGTTTTAILAALASPGNAL",-0.1,-1.3,87.0445344129555,472,66.6666666666667,87.0445344129555,79.6875,98.3870967741936,66.6666666666667,88.3730437290497,74
483,510,"FFFNISGILLWYPIPFTRL",0.9,-1,88.2591093117409,501,100,88.2591093117409,75,85.4838709677419,100,82.9143267598276,27
527,552,"IIFFFLIPLTVFGLSLAGW",-0.1,-2.4,68.4210526315789,543,100,68.4210526315789,96.875,98.3870967741936,100,87.8943831352575,25
