"seq_beg","seq_end","seq","charge","hydrofobic","conservative","number","TMD","conservative_norn","hydrofobic_norn","charge_norn","topology_norm","tmd_cons","leng"
100,134,"LDILSSAFQLVGGKMAGQFF",-0.1,-0.5,82.6923076923077,124.5,NA,82.6923076923077,68.2539682539683,98.4126984126984,NA,83.1196581196581,34
134,205,"MGANIGTSITNTIVALMQVG",-0.1,-1,83.8461538461538,195.5,NA,83.8461538461538,76.1904761904762,98.4126984126984,NA,86.1497761497761,71
212,233,"FAGATVHDFFNWLSVLVLLP",-1,-1,90.7692307692308,223.5,NA,90.7692307692308,76.1904761904762,84.1269841269841,NA,83.6955636955637,21
362,391,"SLLVLCGCLIMIVKILGSVL",0.7,-1.8,76.9230769230769,381.5,NA,76.9230769230769,88.8888888888889,88.8888888888889,NA,84.9002849002849,29
407,481,"NIGTTTTAILAALASPGNAL",-0.1,-1,87.6923076923077,471.5,NA,87.6923076923077,76.1904761904762,98.4126984126984,NA,87.4318274318274,74
483,512,"FFNISGILLWYPIPFTRLPI",0.9,-0.9,88.8461538461538,502.5,NA,88.8461538461538,74.6031746031746,85.7142857142857,NA,83.0545380545381,29
527,552,"LIIFFFLIPLTVFGLSLAGW",-0.1,-2.4,70,542.5,NA,70,98.4126984126984,98.4126984126984,NA,88.9417989417989,25
