"seq_beg","seq_end","seq","charge","hydrofobic","conservative","number","TMD","conservative_norn","hydrofobic_norn","charge_norn","topology_norm","tmd_cons","leng"
99,117,"LGFLYFFVCSLDI",-1.2,-1.5,83.4319526627219,111,100,83.4319526627219,83.5443037974684,80.9523809523809,100,82.6428791375237,18
138,161,"IGVLVTVLVQSSS",-0.1,-1.5,91.7159763313609,155,100,91.7159763313609,83.5443037974684,98.4126984126984,100,91.2243261805092,23
216,238,"LSVLVLLPVEVAT",-1.1,-1.3,84.6153846153846,232,100,84.6153846153846,81.0126582278481,82.5396825396825,100,82.7225751276384,22
361,386,"LVLCGCLIMIVKI",0.7,-1.7,72.189349112426,380,100,72.189349112426,86.0759493670886,88.8888888888889,100,82.3847291228012,25
410,429,"YLAILVGAGMTFI",-0.1,-2.1,81.0650887573964,423,100,81.0650887573964,91.1392405063291,98.4126984126984,100,90.2056758921413,19
482,510,"GILLWYPIPFTRL",0.9,-0.7,86.3905325443787,504,100,86.3905325443787,73.4177215189873,85.7142857142857,100,81.8408465925506,28
522,578,"IILVLCLRLLQSR",1.8,0.3,51.4792899408284,572,100,51.4792899408284,60.7594936708861,71.4285714285714,100,61.2224516800953,56
