"seq_beg","seq_end","seq","charge","hydrofobic","conservative","number","TMD","conservative_norn","hydrofobic_norn","charge_norn","topology_norm","tmd_cons","leng"
98,118,"LLGFLYFFVCSLDIL",-1.2,-1.6,83.0769230769231,111,100,83.0769230769231,84.2857142857143,80.9523809523809,100,82.7716727716728,20
137,162,"VIGVLVTVLVQSSST",-0.1,-1.5,92.8205128205128,155,100,92.8205128205128,82.8571428571428,98.4126984126984,100,91.3634513634513,25
215,239,"WLSVLVLLPVEVATH",-1,-1,82.0512820512821,232,100,82.0512820512821,75.7142857142857,84.1269841269841,100,80.6308506308506,24
360,387,"LLVLCGCLIMIVKIL",0.7,-1.9,75.8974358974359,380,100,75.8974358974359,88.5714285714286,88.8888888888889,100,84.4525844525844,27
409,430,"GYLAILVGAGMTFIV",-0.1,-2.1,82.051282051282,423,100,82.051282051282,91.4285714285714,98.4126984126984,100,90.6308506308506,21
481,511,"SGILLWYPIPFTRLP",0.9,-0.6,86.6666666666667,504,100,86.6666666666667,70,85.7142857142857,100,80.7936507936508,30
521,579,"IIILVLCLRLLQSRC",1.7,-0.1,48.2051282051282,572,100,48.2051282051282,62.8571428571428,73.015873015873,100,61.3593813593814,58
