"seq_beg","seq_end","seq","charge","hydrofobic","conservative","number","TMD","conservative_norn","hydrofobic_norn","charge_norn","topology_norm","tmd_cons","leng"
97,119,"LLLGFLYFFVCSLDILS",-1.2,-1.6,83.710407239819,111,100,83.710407239819,84.8484848484848,80.327868852459,100,82.962253646921,22
136,163,"LVIGVLVTVLVQSSSTS",-0.1,-1.5,92.7601809954751,155,100,92.7601809954751,83.3333333333333,98.3606557377049,100,91.4847233555045,27
214,240,"NWLSVLVLLPVEVATHY",-1,-0.6,82.8054298642534,232,100,82.8054298642534,69.6969696969697,83.6065573770492,100,78.7029856460908,26
359,388,"SLLVLCGCLIMIVKILG",0.7,-1.7,75.1131221719457,380,100,75.1131221719457,86.3636363636364,88.5245901639344,100,83.3337828998388,29
408,431,"TGYLAILVGAGMTFIVQ",-0.1,-1.6,82.8054298642534,423,100,82.8054298642534,84.8484848484848,98.3606557377049,100,88.6715234834811,23
480,512,"ISGILLWYPIPFTRLPI",0.9,-0.9,86.8778280542986,504,100,86.8778280542986,74.2424242424242,85.2459016393443,100,82.1220513120224,32
520,580,"FIIILVLCLRLLQSRCP",1.7,-0.3,49.3212669683258,572,100,49.3212669683258,65.1515151515152,72.1311475409836,100,62.2013098869415,60
