"seq_beg","seq_end","seq","charge","hydrofobic","conservative","number","TMD","conservative_norn","hydrofobic_norn","charge_norn","topology_norm","tmd_cons","leng"
96,120,"ILLLGFLYFFVCSLDILSS",-1.2,-1.7,82.1862348178138,111,100,82.1862348178138,85.9375,80.6451612903226,100,82.9229653693788,24
135,164,"GLVIGVLVTVLVQSSSTST",-0.1,-1.5,91.497975708502,155,100,91.497975708502,82.8125,98.3870967741936,100,90.8991908275652,29
213,241,"FNWLSVLVLLPVEVATHYL",-1,-0.9,84.6153846153846,232,100,84.6153846153846,73.4375,83.8709677419355,100,80.6412841191067,28
358,389,"LSLLVLCGCLIMIVKILGS",0.7,-1.7,73.2793522267206,380,100,73.2793522267206,85.9375,88.7096774193548,100,82.6421765486918,31
407,432,"LTGYLAILVGAGMTFIVQS",-0.1,-1.6,82.1862348178138,423,100,82.1862348178138,84.375,98.3870967741936,100,88.3161105306691,25
479,513,"NISGILLWYPIPFTRLPIR",1.9,0.1,87.0445344129555,504,100,87.0445344129555,57.8125,69.3548387096774,100,71.4039577075443,34
519,581,"VFIIILVLCLRLLQSRCPR",2.7,0.2,48.1781376518219,572,100,48.1781376518219,56.25,56.4516129032258,100,53.6265835183492,62
